{"cameraMode":{"drawMode":0,"name":"Shaded","section":"Shading Mode"},"sceneLighting":true,"audioPlay":false,"sceneViewState":{"showFog":true,"showMaterialUpdate":false,"showSkybox":true,"showFlares":true,"showImageEffects":true,"showParticleSystems":true},"in2DMode":false,"pivot":{"x":-1.1855006217956544,"y":0.08083868026733399,"z":1.3935341835021973},"rotation":{"x":-0.10606680065393448,"y":0.8578667640686035,"z":-0.19662417471408845,"w":-0.462767094373703},"size":10.0,"orthographic":false}